image_001.jpg,pushups_down,295.23914,596.05884,-639.4912,286.95975,566.9099,-708.811,293.7918,563.155,-708.9105,300.38196,558.4163,-709.37177,278.44275,563.8444,-639.1882,279.66528,558.01416,-639.3742,280.77496,551.3476,-639.49945,345.27277,503.8694,-841.60535,326.09122,493.71323,-547.1392,340.1919,596.59094,-670.3189,331.71637,597.2401,-584.35913,640.3266,478.7609,-776.0322,498.68808,398.54086,-303.27676,935.35767,332.70758,-604.3026,723.62683,300.16132,94.83584,990.9367,609.5273,-365.26224,736.788,382.0888,394.24628,1031.0886,657.42847,-400.6417,720.34705,384.39297,426.39777,979.73016,660.16187,-397.31464,713.27155,416.2231,374.8674,964.0393,644.68933,-354.08386,726.10846,416.98505,381.43594,1074.2072,378.50342,-158.10391,964.09375,325.6259,158.1158,1506.5105,368.15488,77.33817,983.6872,415.8725,656.57007,1834.3712,279.61386,329.70184,1053.7727,379.19168,1236.1699,1855.28,248.12944,354.82614,1079.3344,348.21066,1293.8602,1838.1152,389.08673,264.90527,1039.1354,477.5776,1412.7324
image_002.jpg,pushups_down,1405.6783,793.79376,-3.2224686,1421.9342,773.9005,20.661875,1421.7485,771.522,20.644571,1421.6418,769.1761,20.664835,1422.8772,774.42346,-45.564255,1423.3103,772.48236,-45.619602,1423.8014,770.35706,-45.625046,1408.582,745.0382,166.48752,1409.401,751.0031,-133.36127,1385.8699,791.59155,60.016594,1388.056,791.98126,-27.229416,1276.8005,692.5907,355.54187,1307.8174,737.804,-276.70108,1145.1771,645.5327,485.34045,1183.9504,721.82477,-584.1594,1179.1565,747.6544,481.80164,1231.4377,838.9465,-819.46094,1215.4353,756.759,505.9539,1269.2722,842.31995,-897.3386,1227.0604,766.0668,449.76263,1277.416,834.40594,-828.41174,1220.3789,767.42847,457.04224,1267.234,831.16815,-796.22955,982.6498,710.37885,211.7459,986.1543,747.9463,-211.42683,733.4348,728.9405,196.30363,731.1786,750.2488,-185.03024,510.56168,719.7382,259.62524,498.026,728.7995,-160.6033,476.14804,696.19977,254.90424,458.71466,702.4331,-165.56732,470.3587,802.31714,148.46066,445.7483,818.101,-296.79413
image_004.jpg,pushups_down,1398.0173,773.09186,-11.940071,1415.2283,755.1147,12.871216,1415.1708,753.28186,12.844539,1415.1294,751.1497,12.8343525,1415.9119,754.1936,-56.33616,1416.2509,751.548,-56.394554,1416.6014,748.3041,-56.401806,1403.0886,724.5637,164.08197,1403.2914,724.9465,-149.96432,1379.0122,772.2077,53.19988,1380.1841,770.5823,-38.31226,1275.5754,682.2959,376.06528,1301.602,710.0562,-300.80573,1147.4608,676.5857,528.6412,1192.5898,716.8995,-621.8179,1190.4037,766.8413,512.6702,1232.0482,832.6729,-868.8337,1230.8307,771.9289,537.2224,1270.0052,837.46515,-953.7391,1237.8033,772.5942,483.19696,1276.715,826.777,-895.4054,1229.9712,773.42474,488.2591,1265.8956,822.87537,-850.22516,976.18414,702.4477,221.51903,977.4995,733.1623,-221.2481,732.8611,724.8466,204.1883,728.31213,750.25226,-197.62099,505.86423,718.5855,272.6388,495.7024,729.45575,-168.92894,469.5131,696.48254,268.17612,452.93262,706.12384,-174.31657,467.44485,801.9601,151.57193,447.4893,816.934,-320.02826
image_005.jpg,pushups_down,1232.7019,843.2047,-814.8164,1254.0842,827.3999,-797.6189,1256.9419,825.6535,-797.66547,1260.0493,823.8711,-797.8599,1246.0715,826.2046,-851.05884,1242.4755,823.22034,-851.21173,1238.9727,819.6732,-851.2851,1241.4833,794.25134,-630.0644,1210.6996,779.8271,-869.1262,1215.1967,841.2735,-735.61066,1208.5485,837.5067,-805.3732,1199.6802,690.7145,-365.71396,1063.293,729.61774,-794.2051,1211.5282,663.0591,-2.9512646,919.65546,729.37604,-667.19885,1230.9695,754.06006,226.36522,957.08875,836.93286,-548.3989,1253.6964,762.9466,229.49515,975.72235,855.7517,-608.2167,1252.4375,770.633,191.90224,995.4214,850.9527,-624.47284,1236.8522,772.4228,214.42914,990.75555,842.08307,-552.49927,966.59863,669.74384,160.4304,896.01764,678.83435,-160.47493,837.05725,654.6556,680.0566,703.3614,673.418,199.58923,719.0327,610.076,1272.7142,571.1663,629.96655,557.8624,693.2889,579.85046,1338.0519,546.8098,604.482,596.28973,698.2242,654.4413,1339.1165,553.19354,701.27057,504.16058
image_006.jpg,pushups_down,544.67566,645.2704,-444.14594,542.47437,641.4447,-467.7142,545.495,641.0977,-467.65045,549.23615,640.1925,-467.7445,534.28125,639.1176,-451.12,532.4231,637.2255,-451.172,530.37555,634.4964,-451.25055,559.8711,623.76746,-476.50876,532.14343,615.54987,-407.14627,561.00934,638.8831,-435.57816,550.7419,631.293,-416.01428,647.7286,587.22626,-417.16357,538.19147,541.04395,-303.96133,738.7964,575.1486,-361.80975,523.7226,487.88416,-128.2757,761.12054,620.9399,-272.08838,521.6913,544.6014,60.44735,765.4573,630.40125,-290.70468,511.9906,555.3668,73.28474,749.86707,631.80676,-292.98428,523.4118,560.6923,61.886173,744.42334,624.5557,-270.43546,532.047,558.0431,60.77709,705.4737,550.2884,-57.0196,667.95996,529.8461,56.419144,796.12555,510.02667,209.15596,738.032,503.34262,326.36627,864.9772,480.3957,483.64954,814.0597,464.7601,628.78613,876.8548,463.1852,513.1483,830.9891,450.8017,662.30524,867.54224,510.0824,487.65906,816.4502,501.96194,659.2666
image_007.jpg,pushups_down,602.01855,637.5487,-280.2344,600.0801,637.0772,-300.57538,602.1933,636.4936,-300.5386,604.2754,635.8321,-300.63516,591.54486,635.739,-287.32465,586.0211,632.40753,-287.31473,584.0078,631.32056,-287.40933,609.78564,622.8131,-324.0189,580.6662,604.0255,-268.30957,613.1158,632.1306,-279.5492,603.484,619.6589,-263.8087,671.17505,605.38367,-298.9005,580.3354,552.0421,-224.55295,763.5697,592.08234,-275.11227,566.04724,492.15863,-129.11798,800.1437,618.90955,-217.49118,560.0166,555.42017,6.2890205,801.7056,627.67615,-237.23492,557.2982,567.2373,14.268613,789.52686,629.07544,-233.79404,562.97516,571.30426,6.295152,786.84705,626.45135,-215.29337,565.8972,568.2646,6.5101013,741.70325,559.342,-35.82497,706.0636,535.76385,35.265,823.48865,527.81134,164.53285,774.4372,502.5866,233.24907,882.395,491.4625,362.92575,844.7406,473.84024,451.0294,895.1792,481.01938,385.13797,871.0592,465.0219,475.56146,888.9784,504.51318,381.28467,853.4985,486.3298,475.39807
image_008.jpg,pushups_down,1361.6287,820.6158,-422.49533,1382.6096,808.76996,-398.7036,1384.5192,806.278,-398.6968,1386.7693,803.85034,-398.88965,1379.892,808.27405,-464.35135,1379.5774,805.41833,-464.43042,1379.5016,802.50385,-464.38937,1384.5786,776.05597,-235.38727,1373.6514,775.0661,-534.0129,1343.776,810.7247,-347.99323,1339.9172,809.82605,-434.97415,1310.58,666.8754,-23.250889,1244.3313,718.7776,-575.6457,1234.0024,624.4875,392.4555,1069.2573,697.26904,-742.26447,1286.752,745.75275,659.03864,1097.6195,868.4522,-867.12225,1313.6284,764.4386,700.41534,1133.5845,893.68665,-952.0573,1316.9034,769.66656,637.876,1151.4689,883.7633,-924.4801,1295.3334,768.7331,640.2841,1142.7908,874.78485,-858.87897,936.1299,682.8607,202.59523,916.75793,711.17914,-202.69374,695.28906,704.90656,407.53482,678.7468,725.4014,48.278404,504.92844,671.53394,693.9855,473.895,685.83514,315.1389,472.28992,638.52484,718.1067,440.46872,651.53845,338.71075,474.23907,750.89276,667.98596,435.61642,765.4858,256.08777
image_009.jpg,pushups_down,1215.1665,890.12195,-1003.1631,1239.1565,876.29584,-1016.3562,1244.8743,874.0287,-1016.5121,1250.506,871.97473,-1016.87164,1224.6936,874.54333,-1071.6022,1219.8815,870.773,-1071.8494,1214.6315,867.0152,-1072.0934,1248.3204,841.24896,-914.80566,1194.422,826.52985,-1157.5177,1202.7341,879.7227,-937.05804,1187.5386,874.9956,-1008.1531,1228.6528,706.0819,-696.1407,1021.8385,765.94073,-1035.4889,1366.5635,664.60175,-225.93462,768.35535,747.225,-948.2053,1360.142,845.1458,52.983006,812.2497,957.25696,-940.9414,1386.5667,875.7545,34.40028,834.4942,994.8006,-1046.0613,1364.8751,883.9696,-26.035746,867.8996,983.3702,-1070.1272,1346.9851,877.801,32.98751,868.70465,969.3218,-953.905,883.5186,688.6954,147.40358,782.10297,715.9034,-147.48047,712.8368,713.0733,833.38947,610.2159,727.44,611.7006,576.4458,679.68097,1696.7744,517.23883,672.73596,1439.0692,557.97375,648.712,1792.738,495.98975,639.9503,1529.2385,571.35315,746.93805,1768.2334,482.93707,761.3054,1481.2255
image_010.jpg,pushups_down,1332.027,927.74854,-530.4634,1346.2319,912.49774,-513.65015,1346.8771,910.2837,-513.59534,1347.6077,907.8867,-513.72095,1342.2281,911.1007,-565.5577,1339.8341,907.8506,-565.6832,1337.2543,904.211,-565.62195,1333.6733,883.86505,-371.32886,1319.7491,878.4042,-603.0187,1313.4531,923.49536,-464.04596,1309.1089,921.65656,-531.4017,1275.1641,805.84924,-168.0377,1202.418,845.69037,-575.52405,1227.0245,780.6721,198.12881,1054.5696,823.52405,-547.5522,1225.0504,867.01776,428.4952,1113.7612,936.53174,-450.05817,1248.7186,885.1685,451.2938,1149.8306,950.2203,-489.60898,1248.4801,894.3286,403.5764,1161.1765,944.7559,-483.441,1238.8176,889.763,414.14072,1156.5623,939.3712,-444.15817,1004.7588,815.02057,168.62025,965.9738,839.21844,-168.85999,839.0642,806.70544,522.37463,768.7071,833.969,79.19988,713.51306,766.39923,908.72644,593.46674,789.01166,293.12073,689.1129,741.4821,946.6418,556.4829,764.5043,314.46777,694.9186,823.8246,927.5069,582.1937,861.7699,227.01453
image_011.jpg,pushups_down,1718.9211,946.7643,-714.3703,1739.029,924.1216,-716.6389,1742.1437,920.79816,-716.69885,1744.9316,917.60254,-717.04266,1725.8884,922.3954,-759.25354,1720.4465,917.2739,-759.3963,1714.5153,912.0241,-759.3045,1728.3584,884.82104,-594.83563,1691.2942,883.04224,-782.06305,1700.4185,941.9869,-647.5039,1687.1188,936.46405,-702.17365,1712.823,796.60315,-387.4222,1537.4202,813.92914,-689.3718,1668.3201,800.6289,12.389944,1370.9197,789.29846,-569.2979,1657.7822,933.2302,136.84805,1395.1255,967.8696,-463.5428,1685.5201,963.33105,128.48271,1411.6251,1000.5058,-529.14215,1678.9813,961.7825,67.02701,1439.6222,999.89014,-540.6915,1663.4137,949.36926,116.74289,1437.1143,988.61816,-468.1341,1448.9825,713.51044,137.56824,1344.31,743.0361,-137.9211,1346.7572,729.8109,744.5226,1237.5695,742.1781,489.92303,1278.3376,724.6376,1383.1819,1158.1917,718.3328,1098.3749,1243.0023,703.99945,1461.0189,1153.0894,694.1808,1169.9142,1265.841,805.99414,1514.8802,1166.4413,799.4619,1171.3757
image_012.jpg,pushups_down,1333.2119,442.65314,-142.90367,1351.9492,415.1572,-112.91298,1351.9359,412.8617,-113.016785,1351.4954,410.4149,-113.12314,1346.8016,412.3677,-187.13551,1343.2173,408.3848,-187.22214,1339.0901,404.0371,-187.28859,1319.8097,384.66074,43.340313,1307.3596,381.02936,-289.22687,1306.0006,448.18274,-76.335045,1301.6893,443.90485,-171.87418,1173.0193,357.02747,230.25232,1137.8838,389.73032,-368.67447,949.6455,306.47095,396.5975,941.7672,316.48138,-356.9316,995.44293,465.75668,345.1908,982.7257,519.3933,-165.66367,1039.7318,483.02243,330.31448,1018.3377,543.3317,-181.18741,1050.1157,489.0926,283.39072,1041.212,533.94,-160.35193,1037.407,481.4195,318.57126,1027.5568,525.6534,-147.94835,764.3751,406.45087,198.92082,757.4904,444.12836,-198.48126,466.57495,451.28992,240.72456,463.80478,485.29846,-139.17291,182.0332,440.79318,314.4987,153.02716,467.40646,-49.307667,124.60864,412.93817,310.356,94.68091,440.0948,-43.90758,135.31793,521.91907,204.01819,111.33771,540.2446,-171.79839
image_013.jpg,pushups_down,1465.6504,921.04535,-28.157549,1480.8315,903.3642,-9.363557,1480.6273,901.05554,-9.385077,1480.4874,898.7153,-9.366944,1481.6945,903.16785,-66.67318,1482.0776,900.8653,-66.70132,1482.4468,898.3931,-66.6581,1468.3735,874.9561,114.9461,1469.087,879.35175,-146.2251,1448.1191,919.02026,26.169445,1449.219,918.9899,-49.65514,1340.5784,823.50073,267.61572,1368.8746,861.8155,-255.94633,1224.5615,776.5045,427.5253,1267.6526,834.7306,-540.9237,1250.7496,885.46204,499.8334,1307.1357,960.1025,-759.46783,1287.8075,895.4589,527.0639,1342.79,966.34656,-828.2533,1299.0065,900.12537,471.5693,1348.7089,959.63824,-764.5411,1289.1123,902.2275,478.07123,1337.4912,955.5589,-738.3182,1042.2173,848.9149,171.61053,1044.365,880.4171,-171.2312,806.87854,869.30853,159.91127,796.26605,885.12463,-132.99275,585.65454,835.2372,216.1138,558.49976,851.7257,-118.33982,541.0853,811.9938,211.56929,512.2868,829.6536,-123.773834,560.0288,928.5915,114.183556,538.55664,942.78186,-240.15047
image_014.jpg,pushups_down,1345.2715,849.4224,-140.30258,1363.7269,836.27905,-115.80192,1364.88,834.3709,-115.712006,1366.361,832.545,-115.61974,1362.0299,835.7795,-174.72485,1361.7434,833.6682,-174.82805,1361.5791,831.5348,-174.8046,1360.6714,810.8232,14.706554,1351.8474,811.5617,-251.52472,1326.0887,844.1793,-83.74741,1322.7648,842.1999,-160.61836,1278.5873,727.1404,185.04921,1251.8141,774.55133,-363.97098,1174.8577,680.4444,338.83148,1076.7986,744.17456,-386.05917,1224.8263,796.8161,332.01,1135.7349,874.8872,-210.00752,1239.8419,816.9713,330.46436,1180.9204,886.62537,-223.77428,1246.2051,822.7621,290.58936,1191.1753,881.5443,-208.27718,1235.444,821.36383,311.48737,1182.7441,875.4925,-194.34003,950.7079,735.20166,220.023,931.2038,771.6355,-219.98624,728.97125,740.43884,493.57883,686.6359,769.6923,-278.6158,549.493,696.5068,735.05444,458.04736,721.2816,-400.91776,534.8593,668.11633,749.9828,424.62732,695.37384,-418.89838,530.1446,772.4962,730.58887,436.57916,803.6474,-531.08496
image_015.jpg,pushups_down,788.19586,743.0713,-774.11993,784.6044,732.887,-810.8344,789.40375,730.5457,-810.8317,792.89984,728.46606,-811.09485,777.76514,730.618,-774.68494,775.8997,728.29974,-774.82886,774.0769,725.9591,-774.79425,802.18994,714.9018,-830.81116,781.9535,707.33484,-667.79047,806.8763,738.245,-765.25433,800.2233,737.61304,-719.03186,904.80096,704.52954,-760.13074,817.2598,673.54156,-471.89114,1046.5586,700.50366,-706.91394,866.49304,688.16455,-224.15536,1000.1665,776.1363,-596.6631,827.801,731.9618,-24.024126,993.3902,793.2967,-646.7164,808.84875,736.9343,-17.837353,980.07556,790.00385,-640.90674,814.4695,746.7854,-44.608234,978.99146,783.2629,-592.27594,824.6958,746.82355,-31.47563,1016.07056,709.0751,-103.276794,973.5862,696.4889,102.95632,1096.8175,674.52014,402.54022,1006.0793,646.6094,634.3545,1193.836,619.65295,907.7485,1086.9468,601.40173,1193.235,1213.6953,604.38855,960.6116,1115.3263,595.3385,1253.7721,1205.0378,660.4623,885.8444,1101.5735,634.316,1238.2825
image_016.jpg,pushups_down,776.1377,560.7572,-302.73355,790.55676,555.7673,-295.0262,791.8285,555.7066,-295.037,793.02924,555.61017,-295.19702,783.54004,552.128,-323.8193,781.2561,547.94,-323.90082,777.71497,543.982,-323.82462,773.54407,527.2013,-223.21745,757.91046,515.3027,-352.04547,764.76245,558.9567,-267.85687,759.30414,553.9329,-305.1711,741.3779,471.0048,-117.83374,673.0648,482.48596,-327.53308,699.4138,440.65857,66.81178,576.9466,442.24152,-259.77954,719.73157,497.1952,162.50465,576.44403,541.42914,-192.64478,732.9076,508.16467,163.49866,575.1743,555.87787,-219.0155,737.82666,514.3405,140.30261,591.78674,558.3558,-220.23056,728.8101,511.17453,154.93631,591.5126,552.8382,-191.8767,583.81964,435.28635,73.17896,556.1046,432.87994,-73.15906,457.31274,438.9616,193.32625,427.54083,442.66516,75.14272,389.77576,428.43036,349.35687,353.65598,424.36603,227.52974,372.9477,411.67227,366.98077,340.3911,409.97858,245.24084,359.9707,474.5842,361.38568,341.3545,468.78833,226.24405
image_017.jpg,pushups_down,771.73706,559.10693,-288.77524,789.0199,554.2376,-281.72662,790.89795,554.5314,-281.75494,792.4508,554.7674,-281.93518,779.3155,549.1047,-311.40598,775.50476,543.83923,-311.47668,769.0331,530.544,-311.42484,773.03296,521.724,-214.3354,755.68427,512.7936,-346.60812,760.3451,557.2496,-255.46777,753.4677,550.451,-293.8431,741.78925,468.90115,-113.37361,670.4422,481.24808,-326.97437,712.6379,439.74133,76.45267,574.69794,438.91663,-264.01935,736.67694,499.0844,186.71451,578.14325,542.74615,-205.07211,751.93066,510.22556,188.82019,579.02924,557.5169,-232.66158,755.2178,515.31134,165.74936,595.72046,559.2803,-233.75525,745.3311,512.42584,179.33449,594.5663,553.9044,-204.35991,579.8107,433.685,75.29463,549.3226,432.9112,-75.26956,457.66016,440.877,195.20035,419.8661,441.44073,74.16222,387.74445,427.198,357.0531,353.87723,424.64633,232.62402,371.4245,410.25424,375.68082,339.8318,411.02505,251.47581,370.32538,465.81534,371.4648,339.82178,471.13123,233.38179
image_018.jpg,pushups_down,1359.3583,399.61475,-151.88481,1378.4829,373.76257,-123.857254,1379.0054,371.308,-123.76247,1379.4543,368.52734,-123.73364,1373.1907,370.76526,-204.60126,1370.1771,366.18228,-204.70482,1367.0754,361.3706,-204.80276,1357.5823,339.85025,41.86018,1340.7982,335.4897,-320.6271,1333.3143,401.0058,-79.19942,1328.4843,396.46286,-183.68431,1221.5662,305.7826,240.4474,1185.0924,341.66705,-426.13492,1021.91675,274.08054,247.12407,982.8579,287.83362,-335.6843,1110.5638,401.51328,16.140244,1034.8599,470.3922,78.32642,1133.8895,424.76544,-13.303959,1076.283,497.71857,101.445915,1136.7457,432.4746,-30.51635,1098.7765,487.606,114.01782,1131.0527,423.46133,-3.9429493,1089.5353,477.11264,101.758125,818.8906,373.82248,216.9596,814.38214,408.8962,-217.04956,535.12915,422.27896,306.9222,517.87024,449.99213,-121.75723,272.84302,416.63116,398.77408,233.95422,441.03598,-8.95938,209.92236,390.1256,398.76358,173.98792,414.5392,-0.42800468,254.07727,490.46075,333.68057,220.51508,503.59607,-109.31736
image_019.jpg,pushups_down,218.87827,760.119,-544.7693,213.10901,730.3015,-606.1651,219.63655,726.0998,-606.5376,225.6479,721.3997,-607.0926,209.9759,728.10376,-528.67365,214.17686,722.5252,-528.6077,218.04411,716.2926,-528.6905,281.70377,673.94415,-742.5901,273.39752,664.5581,-408.17673,271.61066,763.72577,-581.2645,266.94684,763.32275,-483.63013,582.45575,667.8139,-756.14636,485.38898,581.82153,-162.44118,908.5136,551.6287,-617.91425,714.5557,479.74994,172.61433,976.722,827.11804,-422.99982,837.68634,532.3488,377.3025,1020.6674,876.23303,-494.0517,829.2046,521.5158,395.85574,980.5494,883.87396,-470.47946,818.4312,534.45886,334.6603,959.5389,868.1323,-408.1594,829.153,540.2738,357.25165,1071.9216,538.0657,-184.7132,990.85376,500.28732,184.99763,1456.9885,549.4714,114.26198,1229.5662,534.3272,585.89856,1825.9554,476.8945,494.95102,1495.0901,501.20236,1029.8029,1850.7809,445.40103,527.9205,1544.2493,471.9181,1074.3892,1842.8934,608.8627,426.54822,1520.0734,585.9535,1078.1299
image_020.jpg,pushups_down,1296.2789,473.65143,-242.91742,1316.4916,450.40472,-220.64836,1316.9318,447.85953,-220.59094,1317.0569,445.04993,-220.64479,1311.1987,448.7303,-290.98846,1308.0812,445.26157,-291.10278,1304.6382,441.574,-291.11002,1290.8657,417.3374,-72.91481,1276.4456,418.11826,-390.34094,1271.8093,475.9346,-175.82504,1266.5945,472.64374,-267.16058,1159.3777,366.47302,84.57768,1113.2588,423.44376,-441.89713,971.8194,307.6581,253.52277,920.83997,354.9799,-349.65518,1041.6593,456.9928,242.75613,966.9095,549.8254,-17.080551,1075.933,481.81564,229.21434,1002.3722,577.6694,-8.01112,1081.2551,488.0792,194.03387,1021.5946,566.22064,9.4630165,1066.3937,482.7607,223.08667,1008.5529,556.27704,3.7508857,764.6097,428.7509,188.20184,745.12964,474.55655,-188.02809,484.85544,450.92712,367.6861,461.7314,486.52545,-24.703005,245.97766,428.96527,543.93475,186.97382,463.45337,111.74659,192.47162,408.578,556.90625,140.15808,436.3912,124.58816,215.31372,510.2275,524.62787,176.69019,530.89056,42.88031
image_021.jpg,pushups_down,423.6241,754.3357,1.7436888,402.85406,750.5012,-65.38185,403.0271,751.7849,-65.4547,403.43652,753.72565,-65.49703,402.58072,742.3612,10.793264,402.68817,737.38947,10.742892,403.30792,732.3519,10.674769,416.87766,739.6987,-273.77872,417.55005,707.69196,64.081856,448.44388,749.2443,-63.90649,447.77814,740.71533,34.155327,531.3746,698.25793,-464.02335,543.5843,581.41693,227.68358,730.6137,721.21356,-525.29236,731.6453,562.2133,476.35413,724.4522,886.4621,-440.57147,751.1532,685.18665,623.89923,699.5754,927.4619,-495.64264,739.55634,704.1426,658.1636,673.1133,918.3854,-458.90857,723.59424,725.99255,598.8761,680.07697,906.6889,-422.1386,723.541,724.64453,600.1381,950.0363,703.7257,-224.29332,949.5571,628.8811,223.89268,1205.3265,680.4733,34.034824,1194.929,639.9944,445.0955,1466.4205,607.2823,279.9401,1442.6241,591.5585,731.75366,1511.589,571.93774,309.15622,1485.694,558.09076,758.5964,1485.9993,668.62555,257.32193,1471.0918,654.3319,724.5048
image_022.jpg,pushups_down,540.06616,458.20932,-563.8577,568.9381,456.35086,-602.3161,575.96375,450.20627,-602.3589,584.7962,453.74,-602.4963,511.639,434.0849,-590.2366,501.91757,427.07584,-590.4039,492.27914,420.1189,-590.6003,603.99097,425.74557,-610.098,492.48816,370.5889,-560.6436,606.2038,451.228,-547.68616,531.1371,438.66824,-532.9978,763.0794,353.13397,-490.62524,479.1827,266.06363,-438.7793,957.1584,304.44373,-299.9377,464.25723,206.28503,-177.33377,966.67957,371.12762,-153.73192,470.67563,346.2469,17.90613,986.9323,408.071,-169.69014,450.5595,367.87454,25.070606,949.25305,411.7722,-178.79227,475.55453,384.4907,10.367114,934.76227,397.46906,-152.76259,493.8281,377.86493,20.107647,823.44055,188.95546,-57.190514,703.1038,160.99762,57.021896,902.9206,145.74689,388.9517,779.8479,142.41006,481.92648,930.94,100.80073,855.74066,860.9146,98.91855,969.44617,931.80115,82.73934,912.247,873.3692,77.818436,1028.169,918.0812,141.0687,981.89453,872.19965,147.08856,1097.5708
image_023.jpg,pushups_down,1404.1394,888.1866,-229.32962,1422.0647,868.6792,-212.94339,1421.8524,864.3681,-212.99454,1421.4934,859.3293,-213.12772,1420.1854,869.531,-278.5521,1418.8295,866.1766,-278.685,1417.3984,862.28467,-278.88422,1398.3029,822.66064,-88.38573,1395.2592,827.8527,-388.80908,1380.7179,883.55756,-172.7659,1380.1985,882.9395,-259.38147,1268.3077,748.6986,69.751,1262.3115,776.7856,-443.37744,1131.417,668.4803,337.9924,1118.4464,680.8107,-677.11505,1133.1171,797.64307,487.70593,1148.6664,865.7812,-849.0148,1156.2224,824.74115,521.20667,1167.8057,891.46655,-909.58246,1171.8434,834.3357,469.57288,1189.2753,889.3674,-858.6806,1167.3354,825.2789,470.32013,1183.5905,881.5689,-829.31354,930.73285,812.97955,130.94325,916.5859,802.72626,-130.68054,712.40515,777.9224,309.6598,712.8372,771.9007,92.8014,564.31537,797.1867,504.54974,560.95746,781.7024,383.77954,541.8727,787.0661,516.84973,543.99774,772.5028,411.9931,500.95883,847.69885,441.48837,494.01965,837.58057,337.60367
image_024.jpg,pushups_down,1384.8207,829.4369,-296.90115,1402.3081,816.65735,-284.56436,1403.1382,814.17126,-284.45007,1404.3104,811.76306,-284.45233,1400.27,817.33405,-344.07315,1399.5363,815.4071,-344.14664,1398.9436,813.4234,-344.0277,1396.7131,790.0031,-167.30095,1386.9706,791.825,-437.48004,1365.1049,823.2447,-240.59032,1362.2155,823.56226,-318.78513,1311.9404,698.7565,-31.88953,1268.6106,754.6158,-485.74683,1193.9266,635.12164,168.92184,1094.6163,728.0337,-379.44287,1240.7383,755.10016,161.93773,1160.0958,839.9477,-68.35143,1256.3755,780.5609,144.70032,1200.7885,851.9662,-80.02793,1258.0834,788.5892,106.10229,1211.5746,846.6776,-82.557594,1252.0653,785.5776,142.03502,1205.8044,840.8348,-59.474644,997.0969,701.93756,187.70888,976.84686,737.87775,-187.95627,789.6903,703.65533,488.86716,748.2742,728.4449,39.631104,623.28357,661.6673,781.0552,553.29083,686.13617,206.56099,606.2257,635.6924,810.0091,520.9843,661.63385,222.0792,615.48785,731.13513,823.479,530.8827,761.53015,165.24318
image_001.jpg,pushups_up,1335.415,560.1405,-42.583004,1354.0707,538.327,-17.491415,1353.2639,535.3181,-17.670319,1352.3589,531.40247,-17.783161,1353.5991,534.70605,-98.47149,1352.6187,529.9844,-98.494965,1351.5278,524.6281,-98.56321,1329.205,494.91827,139.8852,1330.0948,493.76556,-225.38676,1307.9615,558.74304,26.027899,1306.3115,553.7581,-80.27073,1144.9839,517.0971,375.914,1169.9783,487.70895,-389.87024,1101.2347,688.99774,441.92145,1147.8588,679.94196,-530.58746,1115.2349,871.77954,228.72638,1175.8529,893.66125,-529.70886,1163.7052,893.3658,219.05206,1208.7584,919.6499,-616.1841,1170.6876,887.9763,138.62825,1216.6842,915.1561,-555.54126,1155.7212,887.2511,186.7311,1202.7444,908.2898,-506.40735,804.7957,618.8866,214.71698,816.9551,600.0573,-214.40709,542.4137,722.1441,261.993,634.0056,706.07935,-211.59738,263.29352,746.50323,395.66122,298.6179,745.028,-74.91303,219.54541,716.4603,401.4109,305.2363,724.9165,-67.55408,240.7786,831.4403,285.42535,323.63623,861.72,-200.77034
image_002.jpg,pushups_up,1173.1821,544.581,-1218.6808,1194.1112,523.3848,-1214.2037,1198.7511,522.3266,-1214.3401,1203.6877,521.1553,-1214.9547,1177.8572,512.5446,-1271.3645,1170.2627,503.32553,-1271.6105,1162.3909,493.0239,-1271.5983,1203.7448,496.11215,-1022.53015,1141.5944,453.89297,-1273.1185,1161.0441,544.23096,-1121.5443,1139.0299,529.0641,-1195.1277,1220.5345,504.74927,-746.7156,975.2141,463.0203,-1173.8718,1278.8474,655.92285,-557.35126,841.0565,690.8341,-1213.5378,1349.9236,854.42834,-621.0215,811.9712,946.9373,-1303.6561,1390.3073,880.0022,-686.15704,841.9126,984.6471,-1460.2362,1378.6968,888.3327,-774.3752,865.15375,972.9846,-1455.2408,1355.1322,881.58417,-664.80084,858.80475,961.6276,-1313.7999,838.7599,570.2098,160.05074,747.27783,519.2194,-160.46304,703.83875,629.4444,777.2294,613.79376,618.0852,510.30743,570.51404,678.5316,1514.032,495.49118,659.69135,1178.8477,569.15643,654.9812,1594.6505,466.65686,639.2729,1243.7421,570.8177,753.9328,1552.7052,497.1596,754.08813,1141.5483
image_003.jpg,pushups_up,608.4042,491.94043,-118.64298,592.39075,477.65256,-164.04968,592.7501,475.55133,-164.17607,593.11584,473.00656,-164.22508,591.73486,477.7446,-95.12143,591.64417,475.70978,-95.12389,591.5444,473.15912,-95.14233,606.9906,450.54544,-269.1243,606.24243,450.07336,35.20961,628.6018,488.09723,-149.51256,628.9781,489.18875,-60.54788,721.67444,447.3506,-414.5142,732.75415,418.35764,262.71262,807.6235,589.1156,-470.39563,806.2109,546.76624,308.94485,821.9076,728.95496,-416.75082,815.2367,655.8886,136.23428,790.69995,750.29645,-496.46774,785.69403,655.8262,139.58188,782.2683,741.4891,-449.58334,783.1085,660.3691,64.43756,796.1123,734.17126,-398.7268,796.3086,665.8696,99.83103,996.058,499.94904,-200.41739,993.04956,474.75568,200.3028,1207.6914,565.4731,-103.501755,1202.1863,545.9521,318.45453,1406.834,604.05176,43.59436,1364.4115,576.7137,485.4286,1456.0536,593.57947,50.41177,1426.5642,573.43066,499.12473,1376.3419,673.63635,-66.1691,1351.9766,654.2051,407.8479
image_004.jpg,pushups_up,273.39655,574.39276,0.59310555,255.77393,560.2166,-46.75189,256.0544,557.71375,-46.847473,256.37286,554.8112,-46.889297,255.31323,559.94025,21.836605,255.14862,557.2396,21.822514,254.99423,554.04364,21.813875,271.24182,530.685,-165.90608,268.93332,529.42303,137.1318,292.50006,568.51044,-35.46675,293.5525,568.5593,53.267544,382.52377,523.95496,-314.35132,394.09058,485.29807,334.0983,483.28024,641.42456,-347.00906,487.3822,595.16,399.8725,491.65283,790.37836,-265.59592,492.47375,712.036,262.88983,464.52075,808.0021,-332.77502,461.51147,712.5686,271.48108,455.05963,798.7869,-285.33942,458.5824,721.9343,196.97302,465.57227,792.2868,-246.49109,473.88147,727.2657,227.79803,690.5435,542.1162,-185.06978,687.43726,509.46567,185.0809,906.42285,610.47595,-129.29388,897.046,552.9814,267.03293,1127.4255,629.1959,-9.06466,1103.6257,586.68585,404.5806,1169.4329,616.3326,0.12621097,1145.885,575.9143,417.03452,1120.6143,712.38293,-75.299866,1110.9902,657.62463,353.69095
image_005.jpg,pushups_up,1284.2327,659.42706,-695.0208,1298.8898,642.84814,-677.628,1299.8295,640.98096,-677.60535,1300.7449,638.888,-677.7519,1293.6895,639.53723,-739.98773,1290.9893,635.54425,-740.1201,1288.0243,631.539,-740.0956,1283.5608,617.29126,-518.0077,1267.9923,609.07355,-804.1034,1268.4006,661.65063,-623.7706,1262.6575,657.0326,-706.53577,1232.7784,629.0599,-298.5315,1137.5305,622.0443,-829.3036,1237.6517,758.9264,-205.13387,1090.4535,795.40625,-923.42883,1264.3151,884.93945,-366.54214,1110.8184,938.57336,-993.49585,1298.2104,899.54565,-418.05344,1140.4294,955.80396,-1111.9718,1289.062,902.2635,-491.11005,1155.3397,948.81244,-1100.8041,1268.3397,899.5521,-404.61505,1147.8636,943.5644,-996.2202,966.503,704.1784,168.37909,923.77014,679.1738,-168.6661,818.8574,761.09576,667.3145,758.34674,744.0741,58.93737,701.73505,777.8788,1177.5703,578.7934,776.73126,300.58112,676.3702,771.2256,1227.0769,541.2297,771.6601,314.96802,696.68463,845.4156,1168.4846,575.20685,858.84534,137.07971
image_006.jpg,pushups_up,1393.7462,654.56506,-73.8219,1408.9486,636.23535,-50.92082,1408.7437,634.4216,-50.971138,1408.5396,632.02386,-50.941498,1407.9457,634.1553,-118.32704,1406.9498,630.72107,-118.38815,1405.787,626.535,-118.467415,1388.371,608.47485,87.79431,1386.0471,606.2316,-215.90848,1371.6182,655.5701,-13.586683,1369.837,651.1765,-101.94584,1262.2758,621.4077,310.47433,1268.8319,636.72437,-372.54367,1265.2478,780.1708,347.08704,1272.838,798.4938,-492.59274,1295.8486,913.28314,151.02808,1303.5837,946.4713,-492.75192,1331.1631,917.27094,139.69899,1341.7474,956.75006,-581.5585,1335.5754,918.8191,71.384895,1347.8027,949.2351,-537.39984,1323.081,919.6192,113.552185,1334.1368,946.1797,-478.3783,977.4107,686.29095,215.67744,981.44934,699.6552,-215.58864,771.0322,778.3369,241.08731,760.8198,783.7774,-165.1535,557.72595,825.8905,348.12857,538.2209,838.9764,-108.736626,509.1252,823.56,351.53488,483.1739,840.4418,-116.13131,569.90375,919.6795,241.96046,546.8726,942.43616,-287.0884
image_007.jpg,pushups_up,1243.8416,575.9669,-583.5997,1265.2151,560.7032,-561.71747,1266.906,559.4034,-561.8583,1268.3684,557.87067,-562.12445,1259.9424,556.4291,-637.87683,1257.9238,551.8139,-638.047,1255.647,546.89075,-638.1296,1251.7996,530.7283,-411.7183,1236.7053,519.19586,-756.85443,1224.1644,575.1722,-515.31885,1217.2787,567.5565,-616.35834,1192.2832,529.8071,-186.90984,1096.902,529.6452,-835.0702,1228.1667,676.4574,-94.193565,1072.6422,717.06024,-992.0729,1287.8912,810.9182,-259.15222,1130.9968,858.9311,-1044.3391,1316.8408,827.0076,-291.62802,1164.8268,889.51404,-1167.7877,1311.6765,830.7499,-367.48163,1181.6049,880.2198,-1133.9004,1297.3759,828.26697,-299.8263,1172.9955,868.86865,-1039.1805,877.902,540.0173,217.62456,819.85333,501.99585,-217.40585,790.3527,692.0437,545.6554,654.0498,613.93195,-171.01729,603.04297,656.66455,1054.6812,430.6094,706.01117,-83.70052,590.6758,640.713,1101.265,394.19196,698.36523,-90.90595,571.7499,742.11224,1055.9545,443.8108,813.09247,-283.9219
image_008.jpg,pushups_up,255.6665,544.8549,-29.748907,238.7691,531.4769,-76.15101,238.80493,528.90546,-76.26529,238.97546,526.0478,-76.319466,238.05688,531.7822,-10.881797,237.5167,529.39154,-10.90637,237.0057,526.5417,-11.005496,252.87234,499.2084,-190.39749,250.52316,498.41336,96.347565,279.21588,538.39386,-63.524227,278.76175,539.2814,20.45772,369.44147,474.80325,-310.13818,377.9407,451.40573,295.80255,483.0652,561.2097,-349.60504,481.1836,531.2808,373.45456,475.6311,707.992,-299.5059,476.2317,633.32294,275.44907,444.41168,725.95166,-356.27432,442.95746,632.17847,288.73868,435.92932,717.0808,-314.44073,442.03973,637.8274,233.5983,448.55112,709.95215,-281.52982,454.2512,642.06525,249.20691,661.204,493.27435,-177.67181,656.72894,481.27414,177.74492,869.4961,546.92865,-166.8523,867.40283,530.2803,255.36086,1064.4224,596.17584,-107.8965,1030.9536,577.9158,364.05524,1108.2251,579.85974,-107.67727,1069.6732,568.9927,371.5816,1069.8291,660.7854,-205.87814,1034.6685,644.5752,301.41736
image_009.jpg,pushups_up,814.02136,480.17462,-1361.516,827.9703,455.6937,-1384.645,833.4427,455.3274,-1384.6511,839.0099,454.98212,-1384.8094,807.87524,462.24554,-1353.6765,804.6747,460.46017,-1353.8226,802.5836,459.09042,-1353.8359,849.41034,443.9417,-1277.5662,812.445,449.42065,-1141.2775,833.0537,485.6397,-1300.9576,817.55725,489.7567,-1261.8323,936.6113,501.29666,-1150.2592,819.72784,485.33063,-800.27246,993.5137,631.09845,-1208.5724,794.74536,611.82263,-606.9713,1001.7834,768.77844,-1332.2808,783.23676,722.23035,-600.9773,986.75995,787.40753,-1476.776,762.7543,742.0668,-656.47406,972.0835,783.6513,-1487.4565,774.8791,747.55133,-727.2593,980.59283,777.5333,-1348.7351,788.11444,740.7093,-633.105,1032.1671,540.3309,-126.76094,971.7768,550.828,126.37513,1117.1003,582.2213,530.62286,1022.59607,604.61395,829.3684,1206.1045,611.55206,1292.2069,1108.5945,609.1042,1651.0734,1222.3314,606.0154,1365.0018,1124.1111,602.433,1736.0686,1200.1012,667.02203,1220.2585,1116.1649,642.5959,1635.1802
image_010.jpg,pushups_up,819.8806,465.17706,-1247.2866,823.4574,449.53903,-1273.8158,829.2817,447.7052,-1273.8102,835.35126,445.51196,-1273.9581,812.98926,448.4154,-1231.9271,811.3921,446.55646,-1232.121,809.8881,444.67007,-1232.184,855.62305,434.32776,-1202.8457,824.64526,437.35733,-1017.0543,838.0306,472.25653,-1201.9939,828.203,473.73526,-1148.391,957.8445,485.79245,-1102.1986,840.47473,469.43738,-719.6754,983.18835,626.81604,-1185.9402,809.7709,600.1656,-593.7373,997.2045,768.057,-1313.973,787.1837,715.2452,-693.95966,985.0335,786.22485,-1453.7266,771.6261,734.88635,-763.0894,972.8141,784.5661,-1467.7288,781.15814,739.1368,-832.3953,979.6266,777.15686,-1331.4468,790.02454,733.88525,-729.63464,1049.3302,546.49524,-126.30344,984.7324,553.40247,125.688354,1124.1326,598.62787,483.27563,1025.0563,590.8911,785.04596,1209.7192,610.3484,1244.278,1101.1976,588.8943,1582.355,1232.1646,604.3025,1315.2556,1115.116,579.2013,1663.8604,1202.073,669.0855,1168.4054,1108.1376,619.2753,1571.6635
image_011.jpg,pushups_up,1008.74255,342.83572,-556.2108,1019.393,331.2646,-563.15515,1024.6323,330.2466,-563.07446,1029.418,328.942,-563.0846,1003.6908,328.46802,-565.1596,998.3924,325.45825,-565.37134,993.4119,322.23654,-565.5327,1036.7787,319.49203,-465.59445,988.3832,311.06284,-477.53143,1015.48346,346.3558,-506.70743,999.5304,342.74588,-510.47385,1075.064,351.34497,-324.0435,939.4991,324.2357,-363.78543,1061.1246,455.32346,-255.73206,885.0795,416.85736,-322.01236,1019.3875,529.2766,-288.979,851.56036,505.96832,-351.8325,1010.7179,545.7514,-303.43286,837.6981,530.8823,-369.79828,1007.01575,541.5362,-310.9929,846.19244,533.5748,-393.73242,1004.5428,534.52625,-290.93524,852.7017,525.7548,-360.9562,1013.7316,532.4291,19.315304,935.3507,522.10596,-19.640932,1035.7128,583.38293,131.51776,864.1106,608.9879,155.05295,1041.806,695.8477,337.65146,774.8299,632.0628,462.39746,1028.9542,710.0064,355.0512,766.8206,634.93823,491.75287,1068.2037,739.1897,267.83493,754.0966,659.59766,414.48636
image_012.jpg,pushups_up,1348.2062,566.7827,-482.57544,1365.1932,549.3453,-459.70883,1365.2552,547.39124,-459.7588,1365.338,545.2159,-459.84537,1362.6344,546.48083,-532.7406,1360.925,543.17,-532.85095,1359.0117,539.1884,-532.8951,1344.9723,520.7892,-291.65732,1336.3668,514.6732,-624.1274,1326.6141,567.1266,-408.75983,1324.1989,562.52203,-505.09787,1252.7483,537.9191,-59.62449,1190.105,521.6068,-704.5026,1245.519,668.74695,51.0075,1102.2043,685.77374,-810.89355,1286.725,788.69617,-133.80104,1157.1683,838.3604,-876.1583,1327.5392,800.4988,-172.60379,1197.6185,861.8741,-999.017,1320.6832,800.2299,-255.01105,1203.2227,850.084,-974.4754,1298.6968,798.06506,-176.74194,1194.7136,840.0744,-873.2936,945.262,597.33185,201.79878,914.98987,571.87006,-201.805,765.91223,669.7086,506.85483,720.7287,635.1454,40.182396,610.6239,673.44763,877.78986,539.7243,670.0505,319.82355,572.8268,664.4082,912.4072,498.2657,659.67926,337.58514,610.31506,743.5024,834.5624,528.8387,766.16644,164.87419
image_013.jpg,pushups_up,783.8762,332.1855,-712.78125,789.32684,317.76364,-691.30035,790.90234,316.539,-691.4037,792.79877,315.10156,-691.60834,781.6574,316.02625,-736.7038,777.37317,313.33713,-736.82526,772.9259,310.07135,-736.9137,779.285,303.3293,-540.50146,752.6474,298.96036,-743.74976,776.6208,337.20554,-648.0513,766.2371,335.27185,-707.17194,756.7001,347.83887,-351.47372,665.82794,325.3465,-722.92004,737.1811,447.88248,-253.6066,625.11755,442.0119,-750.3683,729.7946,546.7804,-345.89203,595.87854,553.9734,-824.97595,751.38074,562.43414,-378.51233,595.9586,572.88074,-921.5317,741.046,562.06104,-438.9892,612.8449,571.532,-917.8467,729.05023,556.47217,-373.5738,612.22845,565.0927,-829.06555,579.34674,384.90533,112.90208,531.86847,372.59076,-112.948006,469.10425,416.601,456.64673,429.81262,419.03683,215.3084,390.42297,436.7584,866.8023,357.08282,441.10266,601.11554,371.96478,432.54758,908.94257,332.91196,433.09616,638.1436,391.73203,476.76184,854.61145,357.96942,490.06555,538.8994
image_014.jpg,pushups_up,473.53134,514.06604,-396.58545,433.4159,506.32782,-471.32892,432.02298,498.19186,-471.52902,430.09375,489.1053,-471.83783,431.52484,514.7725,-380.5375,429.4558,513.32416,-380.5275,427.26987,511.34744,-380.83224,421.0099,421.78647,-647.1724,422.3457,448.97195,-250.00067,508.23926,473.30865,-444.96912,504.75186,485.83716,-327.80322,693.0252,337.27673,-777.1039,582.0538,339.94452,50.427803,936.3602,578.8513,-732.82214,806.0522,517.9854,280.88876,1084.0269,885.32104,-609.25916,901.9823,766.0342,273.58362,1133.2998,930.7739,-717.67786,876.4012,787.652,283.98734,1097.034,935.9245,-677.65454,872.5849,794.9766,177.58086,1079.1136,919.5768,-590.66754,890.00415,789.43475,227.8051,1223.5238,358.2914,-173.93443,1137.7675,365.1044,174.05685,1574.1125,482.0149,99.68552,1508.1149,490.30832,467.38876,1885.618,491.3887,484.17532,1801.0996,501.91003,818.9374,1951.5886,462.4671,516.87634,1865.4707,471.55264,856.78546,1900.7476,626.26306,456.41437,1838.6923,618.1757,805.1168
image_015.jpg,pushups_up,758.7354,458.27512,-947.4568,753.8015,429.89304,-988.86255,760.25824,426.62497,-988.782,767.2664,422.78333,-988.9736,740.25775,429.79803,-933.3568,737.4599,427.11404,-933.7621,735.2294,424.56567,-934.03033,806.5733,398.18622,-1018.2576,765.55164,405.1507,-777.9076,790.2003,467.18027,-941.2361,775.4059,469.6562,-871.7549,1009.5988,434.00592,-968.57117,802.0069,453.01984,-527.7812,1115.1199,652.57,-973.382,789.34766,659.3925,-381.5232,1133.9532,894.64136,-1004.1274,750.9745,856.10394,-467.54935,1127.6658,921.998,-1132.0599,698.78827,875.31683,-509.17493,1101.7775,919.09985,-1123.7494,713.4102,876.2702,-595.3414,1103.8159,912.6895,-1011.28656,741.40314,871.10626,-507.33698,1206.991,538.4829,-159.03133,1116.8008,563.3175,158.48041,1331.9337,635.87805,269.56638,1280.3137,672.0808,573.38055,1443.5134,720.1282,812.7839,1388.7314,716.1837,1095.0475,1473.128,714.92365,857.9755,1419.9441,709.08655,1149.5887,1415.8157,811.2501,737.50806,1381.2401,810.8485,1065.1974
image_016.jpg,pushups_up,907.56726,730.2506,-49.04876,895.49005,714.61536,-88.423294,896.1655,711.8429,-88.53339,896.8456,709.19366,-88.58046,894.2406,715.8652,-25.418705,893.968,714.1132,-25.397488,893.6214,712.3673,-25.461975,912.978,689.19836,-180.02147,908.008,693.3785,98.18351,927.1916,728.7005,-76.59008,925.1738,729.91095,4.4713774,1014.8919,680.37714,-331.76923,1002.4585,694.87286,289.07657,996.93945,811.67163,-461.30194,979.0813,814.59503,361.21017,971.0471,920.5477,-463.88797,965.32654,908.60876,188.89807,941.12286,931.1923,-539.774,935.27295,921.30566,183.00946,936.2502,923.9426,-509.30347,932.821,919.15356,116.30088,947.11957,921.4652,-454.25623,945.4215,916.84314,153.22087,1269.9302,731.97284,-193.05103,1267.8103,735.7496,192.90677,1462.8291,798.849,-194.22743,1451.9774,795.80475,204.05096,1662.6682,848.35516,-146.01402,1655.7268,844.71747,274.56534,1708.2323,837.8753,-149.52454,1669.6034,837.46326,275.55148,1658.0029,926.93225,-295.2535,1652.4741,922.03815,155.14844
image_017.jpg,pushups_up,1365.7853,522.6693,-104.061874,1380.7148,500.2686,-78.01963,1380.0605,498.0832,-78.04455,1379.3048,495.93906,-77.96227,1379.4889,498.61328,-154.8874,1377.9865,495.67126,-155.00595,1376.1691,492.04028,-155.15068,1356.4625,474.79916,78.402695,1354.4756,473.06314,-267.16415,1341.7606,526.34625,-36.04228,1339.9535,523.4342,-136.5802,1222.5057,494.59525,320.43265,1224.3678,514.0984,-416.90997,1199.1492,658.7827,356.78763,1206.2318,683.0458,-524.34863,1214.2797,788.9845,166.0613,1228.8427,839.4487,-534.8913,1249.1312,789.43036,165.35701,1270.2092,846.5723,-635.08136,1253.7241,791.47076,87.75191,1275.8127,835.0079,-578.2823,1240.7389,793.4193,126.05826,1259.7639,831.989,-516.1441,940.09485,555.2102,231.07741,938.11676,579.6626,-230.8668,721.8818,646.7163,254.09242,718.8085,664.7092,-191.29182,498.66498,702.81146,374.38693,486.69995,719.5125,-112.75781,455.16815,689.8065,379.78622,434.38666,710.4609,-117.5103,489.20905,797.43555,263.65494,476.87338,821.68414,-288.06042
image_018.jpg,pushups_up,554.7265,421.44846,-946.88,552.9552,407.35803,-975.8607,557.5978,403.99686,-975.8943,562.7908,400.07635,-976.09735,543.37634,411.1454,-940.42944,540.9537,410.56656,-940.5787,538.62067,409.7914,-940.6743,581.2177,380.64813,-945.81885,545.33344,395.45636,-787.6809,570.59314,417.41953,-917.8729,560.7754,423.95816,-872.0776,664.08887,397.83734,-860.1016,562.51056,395.75668,-561.94165,737.3788,515.2265,-925.7261,539.7204,492.65854,-459.75552,746.9801,631.6398,-994.1946,531.8947,582.6821,-509.1525,738.8771,650.6467,-1101.6976,511.35223,600.1926,-558.0104,726.72144,646.73834,-1096.1138,520.0849,599.53534,-610.5221,730.7299,639.8107,-1000.4766,530.37616,593.05725,-534.965,747.2633,439.0744,-98.18001,696.9592,438.30978,98.04013,818.17737,481.1907,357.62833,766.7583,475.8727,559.15906,861.75586,479.91293,926.23096,834.9883,483.77917,1150.2129,875.3539,466.51837,979.96,843.2998,474.08228,1212.369,859.9283,519.7413,892.91724,823.2141,515.8322,1148.5386
image_019.jpg,pushups_up,554.6035,421.2883,-891.423,552.85596,407.36597,-919.25085,557.5345,403.97583,-919.29047,562.7505,400.07483,-919.51025,543.36096,411.3769,-883.65125,541.00653,410.93274,-883.794,538.76154,410.303,-883.8874,580.499,381.42947,-895.88086,545.9128,395.96722,-737.5419,570.0811,417.3066,-865.95514,560.4809,423.66486,-820.0439,664.4003,396.19647,-825.9329,558.8345,392.9322,-523.60803,737.72766,515.97266,-895.4581,538.8755,492.94943,-448.43478,747.26196,631.3397,-957.17834,531.7805,583.6093,-523.9149,739.2804,650.361,-1060.1503,511.26907,601.01245,-573.2446,727.13434,646.5106,-1053.9655,520.2097,599.9562,-624.36206,731.3373,639.69214,-962.8773,530.3672,594.432,-549.8772,747.15735,439.15524,-101.2189,696.29913,437.849,101.05383,812.79425,479.55115,329.38196,772.0803,474.58856,539.0011,860.6206,480.52216,879.62213,828.9282,482.17776,1110.637,876.1178,467.3069,931.1957,838.60236,474.42877,1170.4792,857.6653,520.4882,847.85126,816.37445,514.9193,1111.0662
image_020.jpg,pushups_up,1205.2936,468.3366,-1106.7089,1220.5162,447.3376,-1083.7129,1222.8883,445.24112,-1083.7947,1225.468,442.8789,-1084.2258,1211.6344,445.3592,-1152.5775,1207.0763,441.54898,-1152.7462,1201.5231,436.50223,-1152.7117,1206.9432,422.1895,-868.067,1167.978,408.6173,-1177.2552,1190.3569,475.586,-1008.6874,1179.7623,469.36057,-1099.236,1180.1754,456.68948,-607.13184,1004.5768,428.58255,-1110.4045,1209.526,628.1889,-441.62415,952.5005,657.2285,-1146.2782,1235.896,787.18207,-563.64215,960.55585,847.87775,-1269.4128,1283.785,807.9005,-623.14166,986.3141,874.23846,-1433.4454,1270.0796,808.97107,-713.37085,1003.2219,864.28394,-1419.647,1247.8441,803.50543,-606.6423,997.5594,856.4609,-1277.0997,908.29034,525.3107,164.57625,827.2578,499.09216,-164.85823,793.0854,588.6118,790.38086,689.08496,585.9602,434.17233,702.68085,624.6816,1510.407,559.2339,629.38116,1074.851,683.5761,609.56683,1589.1844,535.63696,619.56866,1136.3463,708.66583,689.7798,1551.0854,558.93835,714.3165,1008.3094
image_021.jpg,pushups_up,633.7482,372.32352,-992.3736,633.15344,355.15067,-1008.89575,637.5049,350.95224,-1008.887,641.9919,346.6212,-1009.0724,621.2624,363.1063,-977.331,617.60754,363.94632,-977.5491,613.9409,364.42368,-977.66754,654.7547,333.5644,-931.7074,615.0909,354.09598,-794.71277,650.73517,370.3863,-949.67096,637.3137,380.60483,-910.1167,730.88324,366.6456,-864.29553,622.96533,368.64374,-527.53625,777.4691,483.6318,-955.8645,601.47797,464.27887,-399.88315,775.9769,611.6963,-1056.4751,580.0963,565.39954,-494.51874,766.36163,632.60754,-1165.7555,562.81195,588.07166,-539.38416,751.89307,629.3064,-1165.2006,570.88074,589.6079,-599.4941,754.67114,623.82135,-1065.0242,580.5374,582.66534,-523.64215,822.8741,414.6462,-111.11714,769.981,420.53232,110.64819,882.5945,464.05826,360.71466,826.2603,473.91745,580.17505,916.2372,479.42404,902.6233,877.8497,478.8882,1147.4624,931.443,466.97528,953.9817,890.83093,472.43173,1206.64,914.83826,524.953,852.21216,874.68335,522.3809,1140.1143
image_022.jpg,pushups_up,1336.7914,544.2071,-650.92346,1360.0007,526.9563,-633.8379,1361.4259,525.0905,-633.8922,1362.6302,523.3021,-634.12933,1354.3312,523.586,-710.8078,1351.9055,519.5824,-710.9619,1349.2064,514.9923,-710.9935,1345.4156,497.95953,-472.39362,1327.9148,486.55875,-822.5674,1314.9501,544.2748,-576.59106,1310.3171,539.0774,-678.31635,1276.4939,503.09824,-245.61414,1161.6868,493.4207,-860.24347,1297.0663,643.615,-76.14212,1092.9673,684.53925,-945.45905,1337.95,783.5494,-184.14082,1101.3761,875.0839,-978.83527,1370.3873,803.9712,-221.40675,1136.076,899.3635,-1100.6237,1362.8209,807.1351,-303.02957,1150.9929,890.7191,-1081.0249,1346.9591,801.8198,-225.03116,1142.557,882.812,-977.09827,919.97046,564.7379,179.73145,873.48035,520.43756,-179.88477,707.9544,639.379,456.92935,672.19415,615.7471,127.982155,509.3839,656.55865,821.9345,474.51956,661.6895,457.57227,469.43597,642.12103,855.66205,433.61368,641.6142,480.80594,486.73965,743.90076,763.3911,445.0396,757.1859,322.78473
image_023.jpg,pushups_up,622.308,375.5893,-967.00507,621.55707,358.59152,-988.7217,625.95526,354.22922,-988.7127,630.4772,349.67242,-988.92267,611.7443,364.1874,-955.10046,609.17554,363.74405,-955.2986,606.6919,362.98953,-955.4032,644.0111,335.09894,-932.06616,610.9359,352.0793,-785.5555,637.6925,373.26178,-930.747,628.1839,380.34506,-888.511,727.04846,364.88925,-863.786,619.1179,367.5683,-544.6912,769.8465,474.38593,-951.9935,598.32196,470.0861,-450.53592,767.5058,608.8796,-1033.2894,577.38336,570.03827,-551.7254,762.48236,631.68665,-1141.236,558.1325,591.98474,-600.7506,746.7968,628.0959,-1137.2075,564.66516,592.97974,-660.04755,748.11926,622.1668,-1040.3027,575.57715,585.76294,-581.0696,816.193,416.13937,-106.35238,766.5856,424.64685,105.94269,877.06494,463.42786,375.16974,824.45984,474.5709,589.72345,916.5775,477.63538,922.55505,871.5695,481.0441,1166.9061,930.61523,466.91898,974.32733,883.2687,474.13794,1226.917,912.3539,522.4156,874.2456,869.97327,521.5725,1158.2197
